{
    "dawson-masters-AWA*": {
        "incumbent": [
            0,
            1,
            2,
            3,
            4,
            5,
            6
        ],
        "c.i.": [
            0.3634550435270667,
            0.30371662250629017,
            0.45818826159814935,
            0.26159420289855073,
            0.23695652173913043,
            0.30663615560640733,
            0.13043478260869565
        ]
    },
    "dawson-masters-RWA*": {
        "incumbent": [
            0,
            1,
            2,
            3
        ],
        "c.i.": [
            0.4888916802488523,
            0.2913915017252335,
            0.2609557330398972,
            0.07307361363304136
        ]
    },
    "dawson-masters-Type-AWA*": {
        "incumbent": [
            0,
            1,
            2,
            3,
            4,
            5,
            6,
            7,
            8,
            9,
            10,
            11,
            12,
            13,
            14,
            15,
            16,
            17,
            18,
            19,
            20,
            21,
            22,
            23,
            24,
            25,
            26,
            27,
            28,
            29,
            30,
            31,
            32,
            33
        ],
        "c.i.": [
            0.44684063265377094,
            0.4388697453478038,
            0.4243937031035298,
            0.3575212724852232,
            0.4547135044934025,
            0.5079787201468979,
            0.5540641710637775,
            0.4154480030505756,
            0.6173614320655741,
            0.5514765905798125,
            0.3867564258978789,
            0.6352130877640794,
            0.6636426073926074,
            0.4453890917136851,
            0.6570882740447958,
            0.7224299464226448,
            0.7145770084021871,
            0.6717010017010017,
            0.5392358531893416,
            0.5648148148148148,
            0.8105413105413105,
            0.6431908831908832,
            0.3246753246753247,
            0.8133333333333334,
            0.8,
            0.684931506849315,
            0.8857142857142857,
            0.8142857142857143,
            0.9130434782608695,
            0.8235294117647058,
            0.0,
            0.7384615384615385,
            0.5645161290322581,
            0.8070175438596491
        ]
    },
    "dawson-masters-e-AWA*": {
        "incumbent": [
            0,
            1,
            2,
            3,
            4,
            5,
            6
        ],
        "c.i.": [
            0.3903870063443966,
            0.2652276976495726,
            0.27400860009555666,
            0.2905452035886818,
            0.13043478260869565,
            0.40458937198067635,
            0.6111111111111112
        ]
    }
}