{
    "dawson-masters-AWA*": {
        "incumbent": [
            0,
            1,
            2,
            3,
            4,
            5,
            6
        ],
        "c.i.": [
            0.3875283786444534,
            0.46956661315685366,
            0.3957186586379897,
            0.6482749873160832,
            0.3418562657999278,
            0.734375,
            0.0
        ]
    },
    "dawson-masters-RWA*": {
        "incumbent": [
            0,
            1,
            2,
            3
        ],
        "c.i.": [
            0.4138459780009948,
            0.39837550714253706,
            0.1395622386561667,
            0.23385860769930078
        ]
    },
    "dawson-masters-Type-AWA*": {
        "incumbent": [
            0,
            1,
            2,
            3,
            4,
            5,
            6,
            7,
            8,
            9,
            10,
            11,
            12,
            13,
            14,
            15,
            16,
            17,
            18,
            19,
            20,
            21,
            22,
            23,
            24,
            25
        ],
        "c.i.": [
            0.46443635090195656,
            0.4006695833517712,
            0.3693508338344614,
            0.36754310175332944,
            0.44226807656587547,
            0.4888099719375754,
            0.6293382991543831,
            0.6843587699986394,
            0.4700850808410391,
            0.34499907467207513,
            0.40841649815413456,
            0.6018049746863305,
            0.33964912280701753,
            0.6266666666666667,
            0.0273972602739726,
            0.6233766233766234,
            0.5454545454545454,
            0.5974025974025974,
            0.5733333333333334,
            0.569620253164557,
            0.5064935064935064,
            0.8051948051948052,
            0.4666666666666667,
            0.6623376623376623,
            0.6623376623376623,
            0.44
        ]
    },
    "dawson-masters-e-AWA*": {
        "incumbent": [
            0,
            1,
            2,
            3,
            4,
            5,
            6
        ],
        "c.i.": [
            0.44374579398152303,
            0.4174588095069137,
            0.36479125567557924,
            0.416053548152364,
            0.5087578024967989,
            0.1843464967403847,
            0.9672131147540983
        ]
    }
}